{
	"class_name" : "PinholeCameraParameters",
	"extrinsic" : 
	[
		-0.61981468526019079,
		-0.085633326425768083,
		-0.78006197788449394,
		0.0,
		0.11410152958416511,
		-0.99329905317660216,
		0.018380204161528482,
		0.0,
		-0.77640878207447184,
		-0.077613944389674103,
		0.62543223354246147,
		0.0,
		-2.3903080780525388,
		-0.50571061976182574,
		6.9211906306916173,
		1.0
	],
	"intrinsic" : 
	{
		"height" : 836,
		"intrinsic_matrix" : 
		[
			723.9972375637908,
			0.0,
			0.0,
			0.0,
			723.9972375637908,
			0.0,
			762.5,
			417.5,
			1.0
		],
		"width" : 1526
	},
	"version_major" : 1,
	"version_minor" : 0
}